station,lines,station_info,station_marathi,station_info_marathi,lat,lon,r1,r2,r3,r4,r5,r6,r7
Airoli,T,,ऐरोली,,19.1584754,72.9994342,Thane:UP:T,Vashi/Nerul/Panvel:DOWN:T,,,,,
Aman Lodge,NM,,अमन लॉज,,19.0010675,73.2816226,Matheran:UP:NM,Neral:DOWN:NM,,,,,
Ambarnath,C,,अंबरनाथ,,19.2101227,73.1846192,CSMT:UP:C,CSMT - via Badlapur:DOWN:C,Karjat/Khopoli:DOWN:C,,,,
Ambivli,C,,आंबिवली,,19.2684699,73.1722382,CSMT:UP:C,Kasara:DOWN:C,,,,,
Andheri,"W,H,MM1",Railway & Metro Station,अंधेरी,रेल्वे आणि मेट्रो स्टेशन,19.1193613,72.8467688,Churchgate:UP:W,Borivali/Virar/Dahanu:DOWN:W,CSMT:UP:H,Goregaon-Harbour:DOWN:H,Panvel:DOWN:H,Versova Metro:UP:MM1,Ghatkopar Metro:DOWN:MM1
Apta,DVP,,आपटा,,18.864485,73.153049,Roha:DOWN:DVP,Panvel/Diva:UP:DVP,,,,,
Asangaon,C,,आसनगाव,,19.4392924,73.3078728,CSMT:UP:C,Kasara:DOWN:C,,,,,
Atgaon,C,,आटगाव,,19.503853,73.328032,CSMT:UP:C,Kasara:DOWN:C,,,,,
Badlapur,C,,बदलापूर,,19.1668066,73.2395191,CSMT:UP:C,Karjat/Khopoli:DOWN:C,,,,,
Bamandongri,U,,बामणडोंगरी,,18.9752697,73.0244305,Uran:DOWN:U,Nerul/Belapur CBD:UP:U,,,,,
Bandra,"W,H",,वांद्रे,,19.054857,72.840601,Churchgate:UP:W,Borivali/Virar/Dahanu:DOWN:W,CSMT:UP:H,Goregaon-Harbour:DOWN:H,Panvel:DOWN:H,,
Belapur CBD,"H,U,T,NMM1",Railway & Metro Station,बेलापूर,रेल्वे आणि मेट्रो स्टेशन,19.019035,73.039169,CSMT/Goregaon/Thane:UP:H,Panvel:DOWN:H,Uran:DOWN:U,Pendhar Metro:DOWN:NMM1,,,
Bhandup,C,,भांडुप,,19.1425631,72.9378617,CSMT:UP:C,Thane/Kalyan:DOWN:C,,,,,
Bhayandar,W,,भाईंदर,,19.3114058,72.8525885,Churchgate:UP:W,Virar/Dahanu:DOWN:W,,,,,
Bhivpuri Road,C,,भिवपुरी रोड,,18.9705136,73.3314704,CSMT:UP:C,Karjat/Khopoli:DOWN:C,,,,,
Bhiwandi Road,DVP,,भिवंडी रोड,,19.268695,73.046216,Vasai/Dahanu:UP:DVP,Diva/Panvel:DOWN:DVP,,,,,
Boisar,"W,DVP",,बोईसर,,19.7984385,72.7618387,Churchgate/Virar:UP:W,Dahanu:DOWN:W,Diva/Panvel:DOWN:DVP,,,,
Borivali,W,,बोरीवली,,19.2277713,72.8567729,Churchgate:UP:W,Virar/Dahanu:DOWN:W,,,,,
Byculla,C,,भायखळा,,18.976591,72.832789,CSMT:UP:C,Thane/Kalyan:DOWN:C,Thane/Kalyan - via CSMT:UP:C,,,,
CSMT,"C,H,MM3",Railway & Metro Station,छत्रपती शिवाजी महाराज टर्मिनस,रेल्वे आणि मेट्रो स्टेशन,18.9414012,72.8353315,Thane/Kalyan:DOWN:C,Panvel/Goregaon:DOWN:H,Aarey JVLR Metro:DOWN:MM3,Cuffe Parade Metro:UP:MM3,,,
Charni Road - Girgaon,"W,MM3",Railway & Metro Station,चर्नीरोड - गिरगाव,रेल्वे आणि मेट्रो स्टेशन,18.951631,72.818584,Churchgate:UP:W,Borivali/Virar/Dahanu:DOWN:W,Borivali/Virar/Dahanu - via CHG:UP:W,Aarey JVLR Metro:DOWN:MM3,Cuffe Parade Metro:UP:MM3,,
Chembur,H,,चेंबूर,,19.0623661,72.9016842,CSMT:UP:H,Panvel:DOWN:H,Goregaon:UP:H,,,,
Chinchpokli,C,,चिंचपोकळी,,18.986979,72.832789,CSMT:UP:C,Thane/Kalyan:DOWN:C,,,,,
Chunabhatti,H,,चुनाभट्टी,,19.0512763,72.869101,CSMT:UP:H,Panvel:DOWN:H,Goregaon:UP:H,,,,
Churchgate,"W,MM3",Railway & Metro Station,चर्चगेट,रेल्वे आणि मेट्रो स्टेशन,18.935111,72.827253,Borivali/Virar/Dahanu:DOWN:W,Aarey JVLR Metro:DOWN:MM3,Cuffe Parade Metro:UP:MM3,,,,
Cotton Green,H,,कॉटन ग्रीन,,18.9867668,72.8435819,CSMT:UP:H,Panvel/Goregaon:DOWN:H,,,,,
Currey Road,C,,करी रोड,,18.9936865,72.8329073,CSMT:UP:C,Thane/Kalyan:DOWN:C,,,,,
Dadar,"W,C",,दादर,,19.018404,72.843324,Churchgate:UP:W,Borivali/Virar/Dahanu:DOWN:W,CSMT:UP:C,Thane/Kalyan:DOWN:C,Thane/Kalyan - via Parel:UP:C,,
Dahanu Road,"W,DVP",,डहाणू रोड,,19.9911697,72.7438146,Churchgate/Virar:UP:W,Diva/Panvel:DOWN:DVP,,,,,
Dahisar,W,,दहिसर,,19.2501117,72.8593701,Churchgate:UP:W,Virar/Dahanu:DOWN:W,,,,,
Dativali,DVP,,दातिवली,,19.1871653,73.0591401,Panvel/Pen/Roha:DOWN:DVP,Diva/Vasai/Dahanu:UP:DVP,,,,,
Digha Gaon,T,,दिघा गाव,,19.1807278,72.9944499,Thane:UP:T,Vashi/Nerul/Panvel:DOWN:T,,,,,
Diva Jn,"C,DVP",,दिवा जंक्शन,,19.188691,73.042457,CSMT:UP:C,Kalyan/Khopoli/Kasara:DOWN:C,Panvel/Pen/Roha:DOWN:DVP,Vasai Road:UP:DVP,,,
Dockyard Road,H,,डॉकयार्ड रोड,,18.9664294,72.8442951,CSMT:UP:H,Panvel/Goregaon:DOWN:H,,,,,
Dolavli,C,,डोलवली,,18.8342458,73.3200337,CSMT/Karjat:UP:C,Khopoli:DOWN:C,,,,,
Dombivli,C,,डोंबिवली,,19.2181998,73.0868237,CSMT:UP:C,Kalyan/Khopoli/Kasara:DOWN:C,Virar/Boisar:UP:DVP,,,,
Dronagiri,U,,द्रोणागिरी,,18.8813572,72.9646086,Uran:DOWN:U,Nerul/Belapur CBD:UP:U,,,,,
GTB Nagar,H,,गुरु तेगबहादुर नगर,,19.0382293,72.8645674,CSMT:UP:H,Panvel:DOWN:H,Goregaon:UP:H,,,,
Ghansoli,T,,घणसोली,,19.1163249,73.0070787,Thane:UP:T,Vashi/Nerul/Panvel:DOWN:T,,,,,
Ghatkopar,"C,MM1",Railway & Metro Station,घाटकोपर,रेल्वे आणि मेट्रो स्टेशन,19.0856773,72.9082984,CSMT:UP:C,Thane/Kalyan:DOWN:C,Versova Metro:UP:MM1,,,,
Goregaon,"W,H",,गोरेगाव,,19.1645961,72.8496453,Churchgate:UP:W,Borivali/Virar/Dahanu:DOWN:W,CSMT:UP:H,Panvel:DOWN:H,,,
Govandi,H,,गोवंडी,,19.0552263,72.9153956,CSMT:UP:H,Panvel:DOWN:H,Goregaon:UP:H,,,,
Grant Road,"W,MM3",Railway & Metro Station,ग्रॅंट रोड,रेल्वे आणि मेट्रो स्टेशन,18.9635556,72.8161916,Churchgate:UP:W,Borivali/Virar/Dahanu:DOWN:W,Aarey JVLR Metro:DOWN:MM3,Cuffe Parade Metro:UP:MM3,,,
Hamarapur,DVP,,हमरापुर,,18.783961,73.079332,Roha:DOWN:DVP,Panvel/Diva:UP:DVP,,,,,
Jite,DVP,,जिते,,18.820156,73.086662,Roha:DOWN:DVP,Panvel/Diva:UP:DVP,,,,,
Jogeshwari,"W,H",,जोगेश्वरी,,19.1369988,72.8491822,Churchgate:UP:W,Borivali/Virar/Dahanu:DOWN:W,Virar - via Andheri:UP:W,CSMT:UP:H,Goregaon-Harbour:DOWN:H,Panvel:DOWN:H,
Juchandra Road,DVP,,जूचंद्र रोड,,19.360222,72.872657,Vasai/Dahanu:UP:DVP,Diva/Panvel:DOWN:DVP,,,,,
Juinagar,"H,T",,जुईनगर,,19.0558501,73.0183177,CSMT/Goregaon:UP:H,Panvel:DOWN:H,Thane:UP:T,,,,
Jumapatti,NM,,जुम्मापट्टी,,19.0016838,73.3025459,Matheran:UP:NM,Neral:DOWN:NM,,,,,
Kalamboli,DVP,,कळंबोली,,19.035304,73.114571,Panvel/Pen/Roha:DOWN:DVP,Diva/Vasai/Dahanu:UP:DVP,,,,,
Kalva,C,,कळवा,,19.1963136,72.9982217,CSMT:UP:C,Kalyan/Khopoli/Kasara:DOWN:C,,,,,
Kalyan,C,,कल्याण,,19.235039,73.1306107,CSMT:UP:C,Khopoli/Kasara:DOWN:C,,,,,
Kaman Road,DVP,,कामण रोड,,19.336737,72.918405,Vasai/Dahanu:UP:DVP,Diva/Panvel:DOWN:DVP,,,,,
Kandivali,W,,कांदिवली,,19.2045206,72.8520471,Churchgate:UP:W,Churchgate - via Borivali:DOWN:W,Borivali/Virar/Dahanu:DOWN:W,,,,
Kanjur Marg,C,,कांजुर मार्ग,,19.1284637,72.9281253,CSMT:UP:C,Thane/Kalyan:DOWN:C,,,,,
Karjat,C,,कर्जत,,18.9107111,73.320779,CSMT:UP:C,Khopoli:DOWN:C,,,,,
Kasara,C,,कसारा,,19.647963,73.472657,CSMT:UP:C,,,,,,
Kasu,DVP,,कासु,,18.640429,73.079754,Roha:DOWN:DVP,Panvel/Diva:UP:DVP,,,,,
Kelavli,C,,केळवली,,18.845701,73.318762,CSMT/Karjat:UP:C,Khopoli:DOWN:C,,,,,
Kelve Road,"W,DVP",,केळवे रोड,,19.6244994,72.7913109,Churchgate/Virar:UP:W,Dahanu:DOWN:W,Diva/Panvel:DOWN:DVP,,,,
Khadavli,C,,खडवली,,19.3567658,73.2189999,CSMT:UP:C,Kasara:DOWN:C,,,,,
Khandeshwar,"H,T",,खांदेश्वर,,19.0073898,73.0952616,CSMT/Goregaon/Thane:UP:H,Panvel:DOWN:H,,,,,
Khar Road,"W,H",,खार रोड,,19.0692358,72.8401486,Churchgate:UP:W,Borivali/Virar/Dahanu:DOWN:W,CSMT:UP:H,Goregaon-Harbour:DOWN:H,Panvel:DOWN:H,,
Kharbav,DVP,,खारबाव,,19.298148,72.984289,Vasai/Dahanu:UP:DVP,Diva/Panvel:DOWN:DVP,,,,,
Khardi,C,,खर्डी,,19.580357,73.3941216,CSMT:UP:C,Kasara:DOWN:C,,,,,
Kharghar - Belpada,"H,T,NMM1",Railway & Metro Station,खारघर,रेल्वे आणि मेट्रो स्टेशन,19.0258758,73.0592912,CSMT/Goregaon/Thane:UP:H,Panvel:DOWN:H,Pendhar Metro:DOWN:NMM1,Belapur CBD Metro:UP:NMM1,,,
Kharkopar,U,,खारकोपर,,18.9600213,73.0142196,Uran:DOWN:U,Nerul/Belapur CBD:UP:U,,,,,
Khopoli,C,,खोपोली,,18.789723,73.344812,CSMT/Karjat:UP:C,,,,,,
Kings Circle,H,,किंग्ज सर्कल,,19.0323038,72.8571214,CSMT:UP:H,Goregaon:DOWN:H,Panvel:DOWN:H,,,,
Kopar,"C,DVP",,कोपर,,19.2118513,73.0783501,CSMT:UP:C,CSMT - via Dombivli:DOWN:C,Kalyan/Khopoli/Kasara:DOWN:C,Vasai/Dahanu:UP:DVP,Diva/Panvel:DOWN:DVP,,
Koparkhairne,T,,कोपरखैरणे,,19.103202,73.011317,Thane:UP:T,Vashi/Nerul/Panvel:DOWN:T,,,,,
Kurla,"C,H",,कुर्ला,,19.0652814,72.8794056,CSMT-Central:UP:C,Thane/Kalyan:DOWN:C,CSMT-Harbour:UP:H,Panvel:DOWN:H,Goregaon:UP:H,,
Lower Parel,W,,लोअर परळ,,18.995526,72.8302032,Churchgate:UP:W,Borivali/Virar/Dahanu:DOWN:W,,,,,
Lowjee,C,,लौजी,,18.8094158,73.3352597,CSMT/Karjat:UP:C,Khopoli:DOWN:C,,,,,
Mahalaxmi,W,,महालक्ष्मी,,18.9822972,72.8241306,Churchgate:UP:W,Borivali/Virar/Dahanu:DOWN:W,,,,,
Mahim Jn,"W,H",,माहिम जंक्शन,,19.040699,72.846865,Churchgate:UP:W,Borivali/Virar/Dahanu:DOWN:W,CSMT:UP:H,Goregaon-Harbour:DOWN:H,Panvel:DOWN:H,,
Malad,W,,मालाड,,19.1865553,72.8488657,Churchgate:UP:W,Churchgate - via Borivali:DOWN:W,Borivali/Virar/Dahanu:DOWN:W,,,,
Mansarovar,"H,T",,मानसरोवर,,19.0164739,73.0807106,CSMT/Goregaon/Thane:UP:H,CSMT - via Panvel:DOWN:H,Panvel:DOWN:H,,,,
Mankhurd,"H,MM2B",Railway & Metro Station,मानखुर्द,रेल्वे आणि मेट्रो स्टेशन,19.0482307,72.9321055,CSMT:UP:H,Panvel:DOWN:H,Goregaon:UP:H,Mandale Metro:DOWN:MM2B,Chembur Metro:UP:MM2B,,
Marine Lines - Kalbadevi,"W,MM3",Railway & Metro Station,मरीन लाईन्स - काळबादेवी,रेल्वे आणि मेट्रो स्टेशन,18.945785,72.823734,Churchgate:UP:W,Borivali/Virar/Dahanu:DOWN:W,Borivali/Virar/Dahanu - via CHG:UP:W,Aarey JVLR Metro:DOWN:MM3,Cuffe Parade Metro:UP:MM3,,
Masjid,"C,H",,मस्जिद,,18.951965,72.838336,CSMT-Central:UP:C,Thane/Kalyan:DOWN:C,Kalyan/Khopoli - via CSMT:UP:C,CSMT-Harbour:UP:H,Panvel/Goregaon:DOWN:H,Panvel/Goregaon - via CSMT:UP:H,
Matheran,NM,,माथेरान,,18.990104,73.270869,Aman Lodge:DOWN:NM,Neral:DOWN:NM,,,,,
Matunga,C,,माटुंगा,,19.0276663,72.850422,CSMT:UP:C,Thane/Kalyan:DOWN:C,,,,,
Matunga Road,W,,माटुंगा रोड,,19.0284521,72.8469507,Churchgate:UP:W,Borivali/Virar/Dahanu:DOWN:W,,,,,
Mira Road,W,,मीरा रोड,,19.2806882,72.8560601,Churchgate:UP:W,Virar/Dahanu:DOWN:W,,,,,
Mulund,C,,मुलुंड,,19.171721,72.9563257,CSMT:UP:C,Thane/Kalyan:DOWN:C,,,,,
Mumbai Central - JSS Metro,"W,MM3",Railway & Metro Station,मुंबई सेंट्रल - जगन्नाथ शंकरशेठ मेट्रो,रेल्वे आणि मेट्रो स्टेशन,18.9708983,72.8190135,Churchgate:UP:W,Borivali/Virar/Dahanu:DOWN:W,Borivali/Virar/Dahanu via CHG:UP:W,Aarey JVLR Metro:DOWN:MM3,Cuffe Parade Metro:UP:MM3,,
Mumbra,C,,मुंब्रा,,19.19008,73.02315,CSMT:UP:C,Kalyan/Khopoli/Kasara:DOWN:C,,,,,
Nagothane,DVP,,नागोठणे,,18.540061,73.140953,Roha:DOWN:DVP,Panvel/Diva:UP:DVP,,,,,
Nahur,C,,नाहूर,,19.15478,72.9467918,CSMT:UP:C,Thane/Kalyan:DOWN:C,,,,,
Naigaon,W,,नायगाव,,19.3516946,72.8461361,Churchgate:UP:W,Virar/Dahanu:DOWN:W,,,,,
Nalla Sopara,"W,DVP",,नालासोपारा,,19.4175643,72.8189591,Churchgate:UP:W,Churchgate - via Virar/Dahanu:DOWN:W,Virar/Dahanu:DOWN:W,Diva/Panvel:DOWN:DVP,,,
Nhava Sheva,U,,नाव्हा शेवा,,18.8982773,72.988171,Uran:DOWN:U,Nerul/Belapur CBD:UP:U,,,,,
Navade Road,DVP,,नावडे रोड,,19.053505,73.103109,Panvel/Pen/Roha:DOWN:DVP,Diva/Vasai/Dahanu:UP:DVP,,,,,
Neral,"C,NM",,नेरळ,,19.0267346,73.3186066,CSMT:UP:C,Karjat/Khopoli:DOWN:C,Matheran:UP:NM,,,,
Nerul,"H,T,U",,नेरुळ,,19.0334071,73.0181621,CSMT/Goregaon:UP:H,Panvel:DOWN:H,Thane:UP:T,Uran:DOWN:U,,,
Nidi,DVP,,निडी,,18.474023,73.107559,Roha:DOWN:DVP,Panvel/Diva:UP:DVP,,,,,
Nilje,DVP,,निळजे,,19.155056,73.08026,Panvel/Pen/Roha:DOWN:DVP,Diva/Vasai/Dahanu:UP:DVP,,,,,
Umbermali,C,,उंबरमाळी,,19.6282779,73.4230665,CSMT:UP:C,Kasara:DOWN:C,,,,,
Palasdhari,C,,पळसधरी,,18.8835901,73.3213316,CSMT/Karjat:UP:C,Khopoli:DOWN:C,,,,,
Palghar,"W,DVP",,पालघर,,19.697789,72.772278,Churchgate/Virar:UP:W,Dahanu:DOWN:W,Diva/Panvel:DOWN:DVP,,,,
Panvel,"H,T,DVP",,पनवेल,,18.990835,73.121481,CSMT/Goregaon/Thane:UP:H,Thane:UP:T,Roha:DOWN:DVP,Diva/Vasai/Dahanu:UP:DVP,,,
Parel,C,,परळ,,19.0098804,72.8379866,CSMT:UP:C,Thane/Kalyan:DOWN:C,,,,,
Pen,DVP,,पेण,,18.737601,73.087008,Roha:DOWN:DVP,Panvel/Diva:UP:DVP,,,,,
Prabhadevi,W,,प्रभादेवी,,19.0073619,72.8359111,Churchgate:UP:W,Borivali/Virar/Dahanu:DOWN:W,,,,,
Rabale,T,,रबाळे,,19.1366845,73.0028304,Thane:UP:T,Vashi/Nerul/Panvel:DOWN:T,,,,,
Ram Mandir,"W,H",,राम मंदिर,,19.1515568,72.8501657,Churchgate:UP:W,Borivali/Virar/Dahanu:DOWN:W,CSMT:UP:H,Goregaon-Harbour:DOWN:H,Panvel:DOWN:H,,
Shematikhar,U,,शेमटीखार,,18.9092959,73.0158101,Uran:DOWN:U,Nerul/Belapur CBD:UP:U,,,,,
Rasayani,DVP,,रसायनी,,18.894075,73.151807,Roha:DOWN:DVP,Panvel/Diva:UP:DVP,,,,,
Reay Road,H,,रे रोड,,18.9776304,72.8442094,CSMT:UP:H,Panvel/Goregaon:DOWN:H,,,,,
Roha,DVP,,रोहा,,18.446639,73.124352,Panvel/Diva:UP:DVP,,,,,,
Sandhurst Road,"C,H",,सॅंडहर्स्ट रोड,,18.9616655,72.8397735,CSMT-Central:UP:C,Thane/Kalyan:DOWN:C,CSMT-Harbour:UP:H,Panvel/Goregaon:DOWN:H,,,
Sanpada,"H,T",,सानपाडा,,19.0660033,73.0095209,CSMT:UP:H,Panvel:DOWN:H,Goregaon:UP:H,Thane:UP:T,,,
Santa Cruz,"W,H",,सांताक्रुझ,,19.0819767,72.8417472,Churchgate:UP:W,Borivali/Virar/Dahanu:DOWN:W,CSMT:UP:H,Goregaon-Harbour:DOWN:H,Panvel:DOWN:H,,
Saphale,"W,DVP",,सफाळे,,19.5771061,72.8215456,Churchgate/Virar:UP:W,Dahanu:DOWN:W,Diva/Panvel:DOWN:DVP,,,,
Seawood Darave Karave,"H,T,U",,सीवूडस्-दारावे-करावे,,19.0219827,73.0190558,CSMT/Goregaon/Thane:UP:H,Panvel:DOWN:H,Uran:DOWN:U,,,,
Sewri,H,,शिवडी,,18.9986052,72.8545174,CSMT:UP:H,Panvel/Goregaon:DOWN:H,,,,,
Shahad,C,,शहाड,,19.2441662,73.1583503,CSMT:UP:C,Kasara:DOWN:C,,,,,
Shelu,C,,शेलू,,19.063197,73.3178928,CSMT:UP:C,Karjat/Khopoli:DOWN:C,,,,,
Sion,C,,शीव,,19.0475402,72.8639986,CSMT:UP:C,Thane/Kalyan:DOWN:C,,,,,
Somtane,DVP,,सोमटणे,,18.950923,73.145237,Roha:DOWN:DVP,Panvel/Diva:UP:DVP,,,,,
Taloja,"DVP,NMM1",Railway & Metro Station,तळोजे,रेल्वे आणि मेट्रो स्टेशन,19.079316,73.08799,Panvel/Pen/Roha:DOWN:DVP,Diva/Vasai/Dahanu:UP:DVP,Pendhar Metro:DOWN:NMM1,Belapur CBD Metro:UP:NMM1,,,
Targhar,U,,तरघर,,18.9900631,73.0344003,Uran:DOWN:U,Nerul/Belapur CBD:UP:U,,,,,
Thakurli,C,,ठाकुर्ली,,19.2262007,73.0982795,CSMT:UP:C,Kalyan/Khopoli/Kasara:DOWN:C,,,,,
Thane,"C,T",,ठाणे,,19.186069,72.975955,CSMT:UP:C,Kalyan/Khopoli/Kasara:DOWN:C,Vashi/Nerul/Panvel:DOWN:T,,,,
Thansit,C,,थानसिट,,19.5503083,73.3521554,CSMT:UP:C,Kasara:DOWN:C,,,,,
Tilaknagar,H,,टिळक नगर,,19.0657389,72.8902637,CSMT:UP:H,Panvel:DOWN:H,Goregaon:UP:H,,,,
Titwala,C,,टिटवाळा,,19.2963746,73.2031668,CSMT:UP:C,Kasara:DOWN:C,,,,,
Turbhe,T,,तुर्भे,,19.076232,73.017797,Thane:UP:T,Vashi/Nerul/Panvel:DOWN:T,,,,,
Ulhas Nagar,C,,उल्हासनगर,,19.2180607,73.1633332,CSMT:UP:C,Karjat/Khopoli:DOWN:C,,,,,
Umroli Road,"W,DVP",,उमरोळी रोड,,19.7555608,72.7606378,Churchgate/Virar:UP:W,Dahanu:DOWN:W,Diva/Panvel:DOWN:DVP,,,,
Uran,U,,उरण,,18.8784007,72.9524221,Nerul/Belapur CBD:UP:U,,,,,,
Vadala Road,H,,वडाळा रोड,,19.0159817,72.8588872,CSMT:UP:H,Panvel/Goregaon:DOWN:H,,,,,
Vaitarna,"W,DVP",,वैतरणा,,19.5190528,72.8502783,Churchgate/Virar:UP:W,Dahanu:DOWN:W,Diva/Panvel:DOWN:DVP,,,,
Vangani,C,,वांगणी,,19.09427,73.3010812,CSMT:UP:C,Karjat/Khopoli:DOWN:C,,,,,
Vangaon,"W,DVP",,वाणगाव,,19.883056,72.7636143,Churchgate/Virar:UP:W,Dahanu:DOWN:W,Diva/Panvel:DOWN:DVP,,,,
Vasai Road,"W,DVP",,वसई रोड,,19.3822872,72.8323115,Churchgate:UP:W,Churchgate - via Virar:DOWN:W,Virar/Dahanu:DOWN:W,Diva/Panvel:DOWN:DVP,,,
Vashi,"H,T",,वाशी,,19.0632174,72.9987722,CSMT:UP:H,Panvel:DOWN:H,Goregaon:UP:H,Thane:UP:T,,,
Vasind,C,,वाशिंद,,19.406656,73.267478,CSMT:UP:C,Kasara:DOWN:C,,,,,
Vidyavihar,C,,विद्याविहार,,19.0796042,72.8977042,CSMT:UP:C,Thane/Kalyan:DOWN:C,,,,,
Vikhroli,C,,विक्रोळी,,19.111921,72.928191,CSMT:UP:C,Thane/Kalyan:DOWN:C,,,,,
Vile Parle,"W,H",,विलेपार्ले,,19.0998661,72.8440596,Churchgate:UP:W,Borivali/Virar/Dahanu:DOWN:W,CSMT:UP:H,Goregaon-Harbour:DOWN:H,Panvel:DOWN:H,,
Virar,"W,DVP",,विरार,,19.4548577,72.8119644,Churchgate:UP:W,Dahanu:DOWN:W,Diva/Panvel:DOWN:DVP,,,,
Vithalwadi,C,,विठ्ठलवाडी,,19.2288602,73.1486139,CSMT:UP:C,Karjat/Khopoli:DOWN:C,,,,,
Waterpipe,NM,,वॉटर पाईप,,19.0088741,73.2898762,Matheran:UP:NM,Neral:DOWN:NM,,,,,
Gavhan,U,,गव्हाण,,18.9390661,73.0177371,Uran:DOWN:U,Nerul/Belapur CBD:UP:U,,,,,
Versova,MM1,Andheri West,वर्सोवा,अंधेरी पश्चिम,19.1303249,72.8214049,Ghatkopar Metro:DOWN:MM1,,,,,,
DN Nagar - Andheri West,"MM1,MM2A",Andheri West,डी. एन. नगर - अंधेरी पश्चिम,अंधेरी पश्चिम,19.128316,72.8303036,Ghatkopar Metro:DOWN:MM1,Versova Metro:UP:MM1,Dahisar East Metro:UP:MM2A,,,,
Azad Nagar,MM1,Andheri West,आझाद नगर,अंधेरी पश्चिम,19.1268998,72.8376982,Ghatkopar Metro:DOWN:MM1,Versova Metro:UP:MM1,,,,,
WEH - Gundavali,"MM1,MM7",Andheri East,पश्चिम द्रुतगती मार्ग - गुंडवली,अंधेरी पूर्व,19.1159506,72.8564066,Ghatkopar Metro:DOWN:MM1,Versova Metro:UP:MM1,Kashigaon Metro:DOWN:MM7,,,,
Chakala,MM1,JB Nagar - Andheri East,चकाला,जे बी नगर - अंधेरी पूर्व,19.1120651,72.8676638,Ghatkopar Metro:DOWN:MM1,Versova Metro:UP:MM1,,,,,
Airport Road,MM1,Andheri East,एअरपोर्ट रोड,अंधेरी पूर्व,19.1101477,72.8742319,Ghatkopar Metro:DOWN:MM1,Versova Metro:UP:MM1,,,,,
Marol Naka,"MM1,MM3",Andheri East,मरोळ नाका,अंधेरी पूर्व,19.1078746,72.879905,Ghatkopar Metro:DOWN:MM1,Versova Metro:UP:MM1,Aarey JVLR Metro:DOWN:MM3,Cuffe Parade Metro:UP:MM3,,,
Saki Naka,MM1,Andheri East,साकी नाका,अंधेरी पूर्व,19.103528,72.8879622,Ghatkopar Metro:DOWN:MM1,Versova Metro:UP:MM1,,,,,
Asalpha,MM1,Ghatkopar West,असल्फा,घाटकोपर पश्चिम,19.0963453,72.8949218,Ghatkopar Metro:DOWN:MM1,Versova Metro:UP:MM1,,,,,
Jagruti Nagar,MM1,Ghatkopar West,जागृती नगर,घाटकोपर पश्चिम,19.0924711,72.9018642,Ghatkopar Metro:DOWN:MM1,Versova Metro:UP:MM1,,,,,
Dahisar East,"MM2A,MM7",Ghartan Pada,दहिसर पूर्व,घरटन पाडा,19.2509583,72.8668387,DN Nagar - Andheri West:DOWN:MM2A,Kashigaon Metro:DOWN:MM7,WEH - Gundavali Metro:UP:MM7,,,,
Anand Nagar,MM2A,Dahisar East,आनंद नगर,दहिसर पूर्व,19.257239,72.865966,DN Nagar - Andheri West:DOWN:MM2A,Dahisar East:UP:MM2A,,,,,
Kandarpada,MM2A,Dahisar West,कांदरपाडा,दहिसर पश्चिम,19.2571254,72.8513428,DN Nagar - Andheri West:DOWN:MM2A,Dahisar East:UP:MM2A,,,,,
Mandapeshwar - IC Colony,MM2A,Borivali West,मंडपेश्वर - आय. सी. कॉलनी,बोरीवली पश्चिम,19.2495139,72.8457227,DN Nagar - Andheri West:DOWN:MM2A,Dahisar East:UP:MM2A,,,,,
Eksar,MM2A,Borivali West,एकसर,बोरीवली पश्चिम,19.2403941,72.8434807,DN Nagar - Andheri West:DOWN:MM2A,Dahisar East:UP:MM2A,,,,,
Borivali West,MM2A,Don Bosco School - MHB Colony,बोरिवली पश्चिम,डॉन बॉस्को हायस्कूल - एम.एच.बी. कॉलनी,19.2313424,72.8407891,DN Nagar - Andheri West:DOWN:MM2A,Dahisar East:UP:MM2A,,,,,
Shimpoli,MM2A,Borivali West,शिंपोली,बोरीवली पश्चिम,19.222828,72.840914,DN Nagar - Andheri West:DOWN:MM2A,Dahisar East:UP:MM2A,,,,,
Kandivali West,MM2A,Pragati Society,कांदिवली पश्चिम,प्रगती सोसायटी,19.2140095,72.8372818,DN Nagar - Andheri West:DOWN:MM2A,Dahisar East:UP:MM2A,,,,,
Dahanukarwadi,MM2A,Kandivali West,डहाणूकरवाडी,कांदिवली पश्चिम,19.2061988,72.834783,DN Nagar - Andheri West:DOWN:MM2A,Dahisar East:UP:MM2A,,,,,
Valnai - Meeth Chowky,MM2A,Malad West,वळनई-मीठ चौकी,मालाड पश्चिम,19.1963625,72.8337169,DN Nagar - Andheri West:DOWN:MM2A,Dahisar East:UP:MM2A,,,,,
Malad West,MM2A,Infiniti Mall,मालाड पश्चिम,इन्फिनिटी मॉल,19.1847908,72.8358196,DN Nagar - Andheri West:DOWN:MM2A,Dahisar East:UP:MM2A,,,,,
Lower Malad,MM2A,Goregaon West,लोअर मालाड,गोरेगाव पश्चिम,19.1725588,72.8361976,DN Nagar - Andheri West:DOWN:MM2A,Dahisar East:UP:MM2A,,,,,
Bangur Nagar,MM2A,Goregaon West,बांगूरनगर,गोरेगाव पश्चिम,19.1622894,72.834793,DN Nagar - Andheri West:DOWN:MM2A,Dahisar East:UP:MM2A,,,,,
Goregaon West,MM2A,Oshiwara Bus Depot,गोरेगाव पश्चिम,ओशिवारा बस डेपो,19.153381,72.8355494,DN Nagar - Andheri West:DOWN:MM2A,Dahisar East:UP:MM2A,,,,,
Oshiwara,MM2A,Andheri West,ओशिवारा,अंधेरी पश्चिम,19.1460433,72.8343316,DN Nagar - Andheri West:DOWN:MM2A,Dahisar East:UP:MM2A,,,,,
Lower Oshiwara,MM2A,Jogeshwari West,लोअर ओशिवारा,जोगेश्वरी पश्चिम,19.1414315,72.8315367,DN Nagar - Andheri West:DOWN:MM2A,Dahisar East:UP:MM2A,,,,,
Chembur Metro,MM2B,Chembur Ganesh Nagar,चेंबूर मेट्रो,चेंबूर गणेश नगर,19.05413,72.89271,Mandale Metro:DOWN:MM2B,,,,,,
Diamond Garden,MM2B,Chembur,डायमंड गार्डन,चेंबूर,19.0518367,72.9018062,Mandale Metro:DOWN:MM2B,Chembur Metro:UP:MM2B,,,,,
C Shivaji Maharaj Chowk,MM2B,Chembur,छत्रपती शिवाजी महाराज चौक,चेंबूर,19.0480087,72.9069993,Mandale Metro:DOWN:MM2B,Chembur Metro:UP:MM2B,,,,,
Deonar,MM2B,BSNL,देवनार,बीएसएनएल,19.0448964,72.9175423,Mandale Metro:DOWN:MM2B,Chembur Metro:UP:MM2B,,,,,
Mandale,MM2B,Mankhurd -  Maharashra Nagar,मंडाले,मानखुर्द - महाराष्ट्र नगर,19.0496875,72.9384794,Chembur Metro:UP:MM2B,,,,,,
Cuffe Parade,MM3,Colaba,कफ परेड,कुलाबा,18.9129457,72.8201602,Aarey JVLR Metro:DOWN:MM3,,,,,,
Vidhan Bhavan,MM3,Nariman Point,विधान भवन,नरिमन पॉईंट,18.9247242,72.8256919,Aarey JVLR Metro:DOWN:MM3,Cuffe Parade Metro:UP:MM3,,,,,
Hutatma Chowk,MM3,Fort,हुतात्मा चौक,फोर्ट,18.9345379,72.8329339,Aarey JVLR Metro:DOWN:MM3,Cuffe Parade Metro:UP:MM3,,,,,
Mahalaxmi Metro,MM3,Vivarea Tower - Agripada,महालक्ष्मी मेट्रो,विव्हेरिया टॉवर्स - आग्रीपाडा,18.9794711,72.8252704,Aarey JVLR Metro:DOWN:MM3,Cuffe Parade Metro:UP:MM3,,,,,
Science Centre,MM3,Worli,सायन्स सेंटर,वरळी,18.9903548,72.8217498,Aarey JVLR Metro:DOWN:MM3,Cuffe Parade Metro:UP:MM3,,,,,
Acharya Atre Chowk,MM3,Worli,आचार्य अत्रे चौक,वरळी,18.997093,72.8183258,Aarey JVLR Metro:DOWN:MM3,Cuffe Parade Metro:UP:MM3,,,,,
Worli,MM3,Doordarshan,वरळी,दूरदर्शन,19.0087385,72.8193772,Aarey JVLR Metro:DOWN:MM3,Cuffe Parade Metro:UP:MM3,,,,,
Siddhivinayak,MM3,Prabhadevi,सिद्धिविनायक,प्रभादेवी,19.0158705,72.8307368,Aarey JVLR Metro:DOWN:MM3,Cuffe Parade Metro:UP:MM3,,,,,
Dadar Metro,MM3,Shivaji Park,दादर मेट्रो,शिवाजी पार्क,19.022789,72.8386333,Aarey JVLR Metro:DOWN:MM3,Cuffe Parade Metro:UP:MM3,,,,,
Shitala Devi Mandir,MM3,Mahim West,शीतलादेवी मंदिर,माहिम पश्चिम,19.0375724,72.8421265,Aarey JVLR Metro:DOWN:MM3,Cuffe Parade Metro:UP:MM3,,,,,
Dharavi,MM3,Sheshwadi,धारावी,शेषवाडी,19.0466399,72.8516239,Aarey JVLR Metro:DOWN:MM3,Cuffe Parade Metro:UP:MM3,,,,,
BKC,MM3,Bandra East,बीकेसी,बांद्रा पूर्व,19.0604193,72.8549236,Aarey JVLR Metro:DOWN:MM3,Cuffe Parade Metro:UP:MM3,,,,,
Bandra Colony,MM3,Bandra East,बांद्रा वसाहत,बांद्रा पूर्व,19.0699565,72.8494002,Aarey JVLR Metro:DOWN:MM3,Cuffe Parade Metro:UP:MM3,,,,,
Santacruz Metro,MM3,Vakola,सांताक्रूज़ मेट्रो,वाकोला,19.0789404,72.846907,Aarey JVLR Metro:DOWN:MM3,Cuffe Parade Metro:UP:MM3,,,,,
CSMI Airport-T1-Domestic,MM3,Vile Parle East,CSMI एअरपोर्ट (T1) डोमेस्टिक,विले पार्ले पूर्व,19.0939189,72.8535484,Aarey JVLR Metro:DOWN:MM3,Cuffe Parade Metro:UP:MM3,,,,,
Sahar Road,MM3,Andheri East,सहार रोड,अंधेरी पूर्व,19.1021511,72.8647989,Aarey JVLR Metro:DOWN:MM3,Cuffe Parade Metro:UP:MM3,,,,,
CSMI Airport-T2-International,MM3,Marol - Andheri East,CSMI एअरपोर्ट (T2) आंतरराष्ट्रीय,मरोळ - अंधेरी पूर्व,19.1020193,72.8744548,Aarey JVLR Metro:DOWN:MM3,Cuffe Parade Metro:UP:MM3,,,,,
MIDC - Andheri,MM3,Andheri East,एम.आय.डी.सी - अंधेरी,अंधेरी पूर्व,19.117335,72.8738189,Aarey JVLR Metro:DOWN:MM3,Cuffe Parade Metro:UP:MM3,,,,,
Seepz,MM3,Andheri East,सीप्ज़,अंधेरी पूर्व,19.1258083,72.8734461,Aarey JVLR Metro:DOWN:MM3,Cuffe Parade Metro:UP:MM3,,,,,
Aarey JVLR,MM3,Goregaon East,आरे जे.व्ही.एल.आर,गोरेगाव पूर्व,19.1310995,72.8843466,Cuffe Parade Metro:UP:MM3,,,,,,
Mogra,MM7,Shankarwadi - Jogeshwari East,मोगरा,शंकरवाडी - जोगेश्वरी पूर्व,19.1286622,72.8553852,Kashigaon Metro:DOWN:MM7,WEH - Gundavali Metro:UP:MM7,,,,,
Jogeshwari East,MM7,Geetanjali Railway Colony - Trauma Care Center,जोगेश्वरी पूर्व,गीतांजली रेल्वे कॉलनी - ट्रॉमा केअर सेंटर,19.1425237,72.8548932,Kashigaon Metro:DOWN:MM7,WEH - Gundavali Metro:UP:MM7,,,,,
Goregaon East,MM7,NESCO -  Bombay Exhibition Center,गोरेगाव पूर्व,नेस्को - बॉम्बे एक्झिबिशन सेंटर,19.1520618,72.8563919,Kashigaon Metro:DOWN:MM7,WEH - Gundavali Metro:UP:MM7,,,,,
Aarey,MM7,Goregaon East,आरे,गोरेगाव पूर्व,19.1692656,72.8587317,Kashigaon Metro:DOWN:MM7,WEH - Gundavali Metro:UP:MM7,,,,,
Dindoshi,MM7,Malad East,दिंडोशी,मालाड पूर्व,19.1796374,72.8582583,Kashigaon Metro:DOWN:MM7,WEH - Gundavali Metro:UP:MM7,,,,,
Kurar,MM7,Malad East,कुरार,मालाड पूर्व,19.1872907,72.8584598,Kashigaon Metro:DOWN:MM7,WEH - Gundavali Metro:UP:MM7,,,,,
Akurli,MM7,Kandivali East,आकुर्ली,कांदिवली पूर्व,19.1983161,72.860628,Kashigaon Metro:DOWN:MM7,WEH - Gundavali Metro:UP:MM7,,,,,
Poisar,MM7,Kandivali East,पोईसर,कांदिवली पूर्व,19.2039161,72.8635285,Kashigaon Metro:DOWN:MM7,WEH - Gundavali Metro:UP:MM7,,,,,
Magathane,MM7,Borivali East,मागाठाणे,बोरीवली पूर्व,19.2173378,72.8665573,Kashigaon Metro:DOWN:MM7,WEH - Gundavali Metro:UP:MM7,,,,,
Devipada,MM7,Borivali East,देवीपाडा,बोरीवली पूर्व,19.2240759,72.8642213,Kashigaon Metro:DOWN:MM7,WEH - Gundavali Metro:UP:MM7,,,,,
Rashtriya Udyan,MM7,National Park Borivali East,राष्ट्रीय उद्यान,नॅशनल पार्क बोरीवली पूर्व,19.2346662,72.8631311,Kashigaon Metro:DOWN:MM7,WEH - Gundavali Metro:UP:MM7,,,,,
Ovaripada,MM7,Borivali East,ओवरीपाडा,बोरीवली पूर्व,19.243417,72.8642447,Kashigaon Metro:DOWN:MM7,WEH - Gundavali Metro:UP:MM7,,,,,
Pandurangwadi,MM7,Dahisar East,पांडुरंगवाडी,दहिसर पूर्व,19.2598119,72.8725317,Kashigaon Metro:DOWN:MM7,WEH - Gundavali Metro:UP:MM7,,,,,
Miragaon,MM7,Mira Road East,मिरागाव,मीरा रोड पूर्व,19.2709925,72.8806752,Kashigaon Metro:DOWN:MM7,WEH - Gundavali Metro:UP:MM7,,,,,
Kashigaon,MM7,Kashimira,काशिगाव,काशिमिरा,19.2777437,72.8802147,WEH - Gundavali Metro:UP:MM7,,,,,,
RBI Colony,NMM1,Belapur Sector 3A,आर. बी. आय. कॉलनी,बेलापूर सेक्टर ३अ ,19.0229196,73.0478994,Pendhar Metro:DOWN:NMM1,Belapur CBD Metro:UP:NMM1,,,,,
Utsav Chowk,NMM1,Kharghar Sector 4/5,उत्सव चौक,खारघर सेक्टर ४/५,19.0326066,73.0589863,Pendhar Metro:DOWN:NMM1,Belapur CBD Metro:UP:NMM1,,,,,
Kendriya Vihar,NMM1,Kharghar Sector 7/12,केंद्रीय विहार,खारघर सेक्टर ७/१२,19.0377107,73.0641221,Pendhar Metro:DOWN:NMM1,Belapur CBD Metro:UP:NMM1,,,,,
Kharghar Village,NMM1,Kharghar Sector 13/15,खारघर गाव,खारघर सेक्टर १३/१५,19.0432261,73.0743581,Pendhar Metro:DOWN:NMM1,Belapur CBD Metro:UP:NMM1,,,,,
Central Park,NMM1,Kharghar Sector 24,सेंट्रल पार्क,खारघर सेक्टर २४,19.0536838,73.0760766,Pendhar Metro:DOWN:NMM1,Belapur CBD Metro:UP:NMM1,,,,,
Pethpada,NMM1,Kharghar Sector 27,पेठपाडा,खारघर सेक्टर २७,19.0639849,73.0774517,Pendhar Metro:DOWN:NMM1,Belapur CBD Metro:UP:NMM1,,,,,
Amandoot,NMM1,Kharghar Sector 34/37,अमनदूत,खारघर सेक्टर ३४/३७,19.0737989,73.081781,Pendhar Metro:DOWN:NMM1,Belapur CBD Metro:UP:NMM1,,,,,
Pendhar,NMM1,Taloja Phase 2 Sector 17/18,पेणधर,तळोजा फेज २ सेक्टर १७/१८,19.0723439,73.0977487,Belapur CBD Metro:UP:NMM1,,,,,,
Pune,P,"Pune Railway Station, Sassoon Hospital, Dr. Ambedkar Statue",पुणे,"पुणे रेल्वे स्थानक, ससून रुग्णालय, डॉ. आंबेडकर पुतळा",18.529136,73.87335,Lonavala:DOWN:P,,,,,,
Shivaji Nagar,P,"Shivajinagar Bus Stand, Savitribai Phule Pune University, Sambhaji Park",शिवाजीनगर,"शिवाजीनगर बस स्थानक, सावित्रीबाई फुले पुणे विद्यापीठ, संभाजी पार्क",18.53232,73.851613,Pune:UP:P,Lonavala:DOWN:P,,,,,
Khadki,P,"Khadki Cantonment, Khadki War Cemetery, Ammunition Factory",खडकी,"खडकी कॅन्टोन्मेंट, खडकी युद्ध दफनभूमी, दारूगोळा कारखाना",18.5631186,73.8409361,Pune:UP:P,Lonavala:DOWN:P,,,,,
Dapodi,P,"College of Military Engineering (CME), Bopodi",दापोडी,"कॉलेज ऑफ मिलिटरी इंजिनिअरिंग (सीएमई), बोपोडी",18.5821194,73.8324367,Pune:UP:P,Lonavala:DOWN:P,,,,,
Kasarwadi,P,"Pimpri, Nashik Phata, Bhosari MIDC",कासारवाडी,"पिंपरी, नाशिक फाटा, भोसरी एमआयडीसी",18.607653,73.821025,Pune:UP:P,Lonavala:DOWN:P,,,,,
Pimpri,P,"Pimpri Market, PCMC, Dr. D.Y. Patil Vidyapeeth",पिंपरी,"पिंपरी मार्केट, पीसीएमसी, डॉ. डी.वाय. पाटील विद्यापीठ",18.623186,73.802195,Pune:UP:P,Lonavala:DOWN:P,,,,,
Chinchwad,P,"Morya Gosavi Ganpati Temple, Bird Valley Garden, Chinchwad Gaon",चिंचवड,"मोरया गोसावी गणपती मंदिर, बर्ड व्हॅली उद्यान, चिंचवड गाव",18.6397989,73.7918239,Pune:UP:P,Lonavala:DOWN:P,,,,,
Akurdi,P,"D.Y. Patil College, Pradhikaran (Nigdi), Bhakti Shakti Udyan",आकुर्डी,"डी.वाय. पाटील कॉलेज, प्राधिकरण (निगडी), भक्ती शक्ती उद्यान",18.64842,73.7646,Pune:UP:P,Lonavala:DOWN:P,,,,,
Dehu Road,P,"Dehu Road Cantonment, Kartik Swami (Murugan) Temple, Sant Tukaram Temple (Dehu)",देहू रोड,"देहू रोड कॅन्टोन्मेंट, कार्तिक स्वामी (मुरुगन) मंदिर, संत तुकाराम मंदिर (देहू)",18.680381,73.734369,Pune:UP:P,Lonavala:DOWN:P,,,,,
Begdewadi,P,"Ghoradeshwar Caves & Temple, MCA Stadium (Gahunje)",बेगडेवाडी,"घोरादेश्वर लेणी व मंदिर, एमसीए स्टेडियम (गहुंजे)",18.70068,73.708823,Pune:UP:P,Lonavala:DOWN:P,,,,,
Ghorawadi,P,"Ghorawadi Caves (Ghoradeshwar Shiva Temple), Talegaon Dabhade",घोरावाडी,"घोरावाडी लेणी (घोरादेश्वर शिव मंदिर), तळेगाव दाभाडे",18.7202153,73.6970002,Pune:UP:P,Lonavala:DOWN:P,,,,,
Talegaon,P,"Talegaon Dabhade, Indrayani River, Talegaon MIDC",तळेगाव,"तळेगाव दाभाडे, इंद्रायणी नदी, तळेगाव एमआयडीसी",18.735699,73.671787,Pune:UP:P,Lonavala:DOWN:P,,,,,
Vadgaon,P,"Vadgaon Maval, Treaty of Wadgaon site, Indrayani River",वडगाव,"वडगाव मावळ, वडगावचा तह स्थळ, इंद्रायणी नदी",18.742217,73.637368,Pune:UP:P,Lonavala:DOWN:P,,,,,
Kanhe,P,"Kanhe Phata, Pavna Lake (approach)",कान्हे,"कान्हे फाटा, पवना तलाव (मार्ग)",18.762099,73.593715,Pune:UP:P,Lonavala:DOWN:P,,,,,
Kamshet,P,"Kamshet Paragliding, Pavna Lake, Bedse Caves",कामशेत,"कामशेत पॅराग्लायडिंग, पवना तलाव, बेडसे लेणी",18.766857,73.552263,Pune:UP:P,Lonavala:DOWN:P,,,,,
Malavli,P,"Karla Caves, Bhaja Caves, Lohagad & Visapur Forts",मळवली,"कार्ला लेणी, भाजे लेणी, लोहगड व विसापूर किल्ले",18.744236,73.480282,Pune:UP:P,Lonavala:DOWN:P,,,,,
Lonavla,P,"Bhushi Dam, Tiger (Lion's) Point, Lonavala Lake, Karla Caves",लोणावळा,"भुशी धरण, टायगर (लायन्स) पॉइंट, लोणावळा तलाव, कार्ला लेणी",18.7496111,73.4073544,Pune:UP:P,,,,,,
